club,last_name,first_name,position,base_salary,guaranteed_compensation
NY,Abang,Anatole,F,50000.0,50000.0
KC,Abdul-Salaam,Saad,D,60000.0,73750.0
CHI,Accam,David,F,650000.0,720937.5
DAL,Acosta,Kellyn,M,60000.0,84000.0
VAN,Adekugbe,Samuel,D,60000.0,65000.0
POR,Adi,Fanendo,F,651500.0,664000.0
CLB,Afful,Harrison,D,150000.0,150000.0
NE,Agudelo,Juan,F,400000.0,427500.0
DC,Aguilar,Miguel,M,60000.0,60000.0
DAL,Akindele,Tesho,F,70000.0,87500.0
SJ,Alashe,Fatai,M,60000.0,76250.0
HOU,Alex,,M,142000.0,142000.0
MTL,Alexander,Eric,M,140000.0,153750.0
RSL,Allen,Jordan,M/F,80000.0,90000.0
NYCFC,Allen,RJ,D,60000.0,60000.0
SEA,Alonso,Osvaldo,M,748000.0,789667.0
NE,Alston,Kevin,D,140000.0,158333.33
TOR,Altidore,Jozy,F,4750000.0,4750000.0
COL,Alvarez,Carlos,M,70000.0,70000.0
NYCFC,Alvarez,Pablo,M,60000.0,63045.09
SJ,Amarikwa,Quincy,F,100000.0,100000.0
KC,Anibaba,Jalil,D,120000.0,150000.0
KC,Anor,Bernardo,M,135000.0,135000.0
TOR,Aparicio,Manuel,M,60000.0,60000.0
PHI,Aristeguieta,Fernando,F,350004.0,350004.0
DC,Arnaud,Davy,M,212500.0,212500.0
DC,Arrieta,Jairo,F,150000.0,165000.0
ORL,Ashe,Corey,M,180000.0,189750.0
POR,Asprilla,Dairon,F,60000.0,60000.0
RSL,Attinella,Jeff,GK,60000.0,65083.33
ORL,Avila,Eric,M,72000.0,77000.0
PHI,Ayuk,Eric,M,50000.0,50000.0
SEA,Azira,Michael,D,60000.0,62826.88
COL,Badji,Dominique,F,50000.0,50000.0
NYCFC,Ballouchy,Mehdi,M,68250.0,83250.0
NE,Barnes,Darrius,D,95000.0,101666.67
HOU,Barnes,Giles,M,247500.0,258375.0
PHI,Barnetta,Tranquillo,M,624000.0,661500.0
SJ,Barrera,Leandro,F,60000.0,60000.0
SEA,Barrett,Chad,F,95000.0,100000.0
DAL,Barrios,Michael,M,60000.0,60000.0
CLB,Barson,Chad,D,60000.0,60000.0
HOU,Beasley,DaMarcus,D,750000.0,813333.33
RSL,Beckerman,Kyle,M,625000.0,700000.0
ORL,Bedell,Adam,F,60000.0,60000.0
SEA,Bedinelli,Thomas,M,108000.0,133125.0
VAN,Beitashour,Steven,D,190000.0,197166.67
MTL,Bekker,Kyle,M,61765.0,88015.0
RSL,Beltran,Anthony,D,195000.0,205950.0
TOR,Bendik,Joe,GK,150000.0,157375.0
SJ,Bernardez,Victor,D,200000.0,241600.0
COL,Berner,John,GK,60000.0,60000.0
MTL,Bernier,Patrice,F-M,90000.0,135000.0
PHI,Berry,Austin,D,93519.0,108519.0
KC,Besler,Matt,D,650000.0,683250.0
POR,Besler,Nick,M,65000.0,81250.0
SJ,Bingham,David,GK,130000.0,137750.0
PHI,Bird,Eric,M,60000.0,60000.0
DC,Birnbaum,Steven,D,66000.0,96000.0
MTL,Bitolo,Ambroise,D,100000.0,100000.0
PHI,Blake,Andre,GK,85000.0,123000.0
TOR,Bloom,Mark,D,90000.0,97348.89
ORL,Boden,Luke,D,75000.0,75000.0
HOU,Boniek Garcia,Oscar,F,245000.0,303750.0
TOR,Bono,Alex,GK,60000.0,80200.0
POR,Borchers,Nat,D,235000.0,245000.0
DC,Boswell,Bobby,D,200000.0,200000.0
TOR,Bradley,Michael,M,6000000.0,6500000.0
NYCFC,Brandt,Connor,M,50000.0,50000.0
NYCFC,Brovsky,Jeb,M,122500.0,129125.0
HOU,Bruin,Will,F,140000.0,185000.0
CHI,Bryce,Kingsley,M,50000.0,50000.0
LA,Buddle,Edson,F,100000.0,106250.0
NE,Bunbury,Teal,F,195000.0,240000.0
COL,Burch,Marc,D,110000.0,110000.0
COL,Burling,Bobby,D,132500.0,140000.0
CHI,Busch,Jon,GK,85000.0,90000.0
MTL,Bush,Evan,GK,100000.0,100000.0
VAN,Bustos,Marco,M,50000.0,54850.0
MTL,Cabrera,Victor,D,60000.0,60000.0
NE,Caldwell,Scott,M,60000.0,67500.0
NYCFC,Calle,Javier,M,200000.0,225750.0
COL,Calvert,Caleb,F,65000.0,72500.0
MTL,Camara,Hassoun,D/M,235000.0,246625.0
CLB,Campbell,Sergio,D/M,50000.0,52500.0
VAN,Carducci,Marco,GK,60000.0,60000.0
ORL,Carrasco,Servando,M,80750.0,85375.0
PHI,Carreiro,Fred,M,60000.0,60000.0
PHI,Carroll,Brian,M,150000.0,150000.0
ORL,Cascio,Tony,M,78529.0,112279.0
PHI,Casey,Conor,F,180000.0,180000.0
NY,Castano,Santiago,GK,60000.0,60000.0
DAL,Castillo,Fabian,F,145000.0,160000.0
PHI,Catic,Dzenan,F,60000.0,75000.0
SJ,Cato,Cordell,F,60000.0,60000.0
ORL,Ceren,Darwin,M,66000.0,96437.5
TOR,Chapman,Jay,M,70000.0,88500.0
POR,Chara,Diego,M,170000.0,170000.0
TOR,Cheyrou,Benoit,M,249999.96,259333.29
MTL,Ciman,Laurent,D,370000.0,401666.67
DAL,Cirigliano,Ezequiel,M,124999.92,167999.92
HOU,Clark,Ricardo,M,304000.0,337750.0
CLB,Clark,Steve,GK,170000.0,188333.33
VAN,Clarke,Caleb,F,60000.0,60000.0
HOU,Cochran,AJ,D,60375.0,76375.0
CHI,Cochrane,Greg,D,60000.0,60000.0
CHI,Cocis,Razvan,M,220000.0,226666.67
ORL,Collin,Aurelien,D,500000.0,525000.0
MTL,Cooper,Kenny,F,220000.0,285625.0
DC,Coria,Facundo,M,60000.0,70375.0
SEA,Correa,Andres,D,60000.0,68166.67
DAL,Craft,Coy,F,60000.0,77083.33
SEA,Craven,Andy,F,60000.0,60000.0
PHI,Creavalle,Warren,D,108500.0,119000.0
MTL,Crepeau,Maxime,GK,60000.0,60000.0
COL,Cronin,Sam,M,200000.0,202500.0
PHI,Cruz,Danny,M,125000.0,131666.67
CHI,Cyrus,Daneil,D,72000.0,77833.33
NE,Davies,Charlie,F,78750.0,82759.53
HOU,Davis,Brad,M,400000.0,445500.0
NY,Davis,Sean,M,80000.0,97500.0
KC,de Jong,Marcel,D,180000.0,191500.0
VAN,Dean,Christian,D,95000.0,176000.0
LA,DeLaGarza,AJ,D,200000.0,202500.0
DC,DeLeon,Nick,M,116259.0,151259.0
TOR,Delgado,Marco,M,80000.0,82500.0
SEA,Dempsey,Clint,F,3913008.0,4605941.5
HOU,Deric,Tyler,GK,105000.0,112666.67
KC,Dia,Amadou,D,50000.0,50000.0
DAL,Diaz,Mauro,M,364000.0,442400.0
,Dike,Bright,F,60638.0,64388.0
NYCFC,Diskerud,Mix,M,750000.0,750000.0
MTL,Donadel,Marco,M,190003.92,226670.59
ORL,Donovan,Conor,D,80000.0,108000.0
CHI,Doody,Patrick,D,50000.0,50000.0
NE,Dorman,Andy,M,145000.0,145000.0
LA,Dos Santos,Giovani,M,4000008.0,5750008.0
DC,Doyle,Conor,F,60000.0,61250.0
COL,Doyle,Kevin,F,1125000.0,1170000.0
MTL,Drogba,Didier,F,1666668.0,2166668.0
MTL,Duka,Dilaver,M,175000.0,200000.0
LA,Dunivant,Todd,D,185000.0,205750.0
NY,Duvall,Chris,D,60000.0,60000.0
KC,Dwyer,Dom,F,400000.0,518750.0
DC,Dykstra,Andrew,GK,60000.0,60000.0
DAL,Earle,Otis,D,60000.0,77125.0
VAN,Earnshaw,Robert,F,100000.0,100000.0
PHI,Edu,Maurice,M,700000.0,768750.0
ORL,Edwards,Earl,GK,50000.0,50000.0
KC,Ellis,Kevin,D,60000.0,63150.0
COL,Eloundou,Charles,F,60000.0,65000.0
SJ,Emeghara,Innocent,F,988000.0,1300000.0
DAL,Escobar,Rolando,M,180000.0,185000.0
DC,Espindola,Fabian,F,175000.0,175000.0
KC,Espinoza,Roger,M,750000.0,750000.0
SEA,Evans,Brad,F,276665.0,302666.25
PHI,Fabinho,Fabinho,D,114000.0,118500.0
NYCFC,Facey,Shay,D,120000.0,120000.0
NE,Fagundez,Diego,F,125000.0,152200.0
DC,Farfan,Michael,M,120000.0,120000.0
NE,Farrell,Andrew,D,117500.0,198500.0
KC,Feilhaber,Benny,M,350000.0,362187.5
PHI,Fernandes,Leo,M,60000.0,60000.0
CHI,Fernandez,Collin,M,65000.0,67000.0
RSL,Fernandez,Eduardo,GK,60000.0,60000.0
COL,Figueroa,Maynor,D,99996.0,99996.0
CHI,Filho,Adailton,D,200000.0,244500.0
TOR,Findley,Robbie,F,225000.0,255500.0
CLB,Finlay,Ethan,F,135000.0,142500.0
SEA,Fisher,Oniel,D,50000.0,50000.0
VAN,Flores,Deybi,M,60000.0,60000.0
POR,Fochive,George,M,50000.0,50000.0
ORL,Ford,Josh,GK,60000.0,60000.0
SJ,Francis,Shaun,D,60000.0,62940.32
CLB,Francis,Waylon,D,144000.0,170166.67
DC,Franklin,Sean,D,202500.0,234166.67
SEA,Frei,Stefan,GK,165000.0,165000.0
SEA,Friberg,Erik,M,180000.0,202500.0
VAN,Froese,Kianz,M-F,60000.0,64500.0
SJ,Fucito,Michael,MF,60638.0,63527.8
PHI,Gaddis,Raymon,D,130000.0,132500.0
MTL,Gagnon-Lapare,Jeremy,M,60000.0,64000.0
CLB,Gall,Romain,M,60000.0,63420.08
DAL,Garcia,Danny,M,70000.0,86000.0
RSL,Garcia,Olmes,F,130000.0,130000.0
LA,Garcia,Rafael,M,60000.0,60000.0
LA,Gargan,Dan,D,125000.0,125000.0
HOU,Garrido,Luis,M,150000.0,150000.0
CHI,Gehrig,Eric,M,95000.0,100833.33
CLB,George,Kevan,M,60000.0,60000.0
LA,Gerrard,Steven,M,6200004.0,6332504.0
RSL,Gil,Luis,M,240000.0,335083.33
TOR,Giovinco,Sebastian,M,5600000.0,7115555.67
RSL,Glad,Justen,D,60000.0,71000.0
POR,Gleeson,Jake,GK,72600.0,72600.0
SJ,Godoy,Anibal,M,204000.0,204000.0
TOR,Gomez,Herculez,F,240000.0,261000.0
SJ,Gomez,Tomas,GK,50000.0,50000.0
TOR,Goncalves,Jackson,D,165000.0,192500.0
NE,Goncalves,Jose,D,450000.0,479375.0
DAL,Gonzalez,Jesse,GK,60000.0,69375.0
SEA,Gonzalez,Leonardo,D,165000.0,165000.0
LA,Gonzalez,Omar,D,1200000.0,1450000.0
SJ,Goodson,Clarence,D,315000.0,342000.0
LA,Gordon,Alan,F,175000.0,175000.0
NYCFC,Grabavoy,Ned,M,200000.0,215000.0
COL,Greenspan,Joseph,D,50000.04,50000.04
NY,Grella,Mike,F,60000.0,60000.0
TOR,Hagglund,Nick,D,60000.0,60000.0
COL,Hairston,Marlon,M,80000.0,103000.0
NE,Hall,Jeremy,D,70000.0,70000.0
ORL,Hall,Tally,GK,215000.0,228500.0
KC,Hallisey,Connor,M,60000.0,73750.0
DC,Halsti,Markus,M,275000.0,336833.33
DC,Hamid,Bill,GK,360000.0,405500.0
TOR,Hamilton,Jordan,F,63000.0,75500.0
CHI,Harden,Ty,D,71663.0,75078.2
COL,Harrington,Michael,M-D,130000.0,130000.0
DAL,Harris,Atiba,M-F,130000.0,130000.0
VAN,Harvey,Jordan,D,150000.0,150000.0
ORL,Heath,Harrison,M,60000.0,60000.0
DAL,Hedges,Matt,D,135000.0,135000.0
NE,Herivaux,Zachary,M,60000.0,60000.0
NYCFC,Hernandez,Jason,D,175000.0,185000.0
DAL,Hernandez,Moises,D,60000.0,61625.0
CLB,Higuain,Federico,M-F,1175000.0,1175000.0
ORL,Higuita,Cristian,M,60000.0,60000.0
ORL,Hines,Sebastian,D,108576.0,109826.0
HOU,Hoffman,Chandler,F,60000.0,60000.0
DAL,Hollingshead,Ryan,M,60000.0,60000.0
PHI,Hoppenot,Antoine,F,60000.0,60000.0
HOU,Horst,David,D,78750.0,81500.0
HOU,Hunter,Taylor,D,50000.0,50000.0
VAN,Hurtado,Erik,F/M,78265.0,113265.0
,Hurtado,Jhon Kennedy,D,230000.0,230000.0
LA,Husidic,Baggio,M,125000.0,125000.0
CHI,Igboananike,Kennedy,F,800000.0,901666.67
NYCFC,Iraola,Andoni,D,200004.0,200004.0
COL,Irwin,Clint,GK,85000.0,97000.0
SEA,Ivanschitz,Andreas,M,180000.0,201250.0
MTL,Jackson-Hamel,Anthony,F,60000.0,60000.0
NYCFC,Jacobson,Andrew,M,150000.0,150000.0
SJ,Jahn,Adam,F,60000.0,60000.0
RSL,Jaime,Sebastian,F,200000.0,266666.67
LA,Jamieson,Bradford,F,60000.0,60000.0
DC,Jeffrey,Jared,M,68250.0,74450.0
POR,Jewsbury,Jack,D,120000.0,137500.0
CLB,Jimenez,Hector,M,90000.0,90000.0
NYCFC,Johansen,Eirik,GK,50000.04,50000.04
CHI,Johnson,Jason,F,90000.0,131000.0
CHI,Johnson,Sean,GK,250000.0,253000.0
POR,Johnson,Will,F,314000.0,334333.33
SEA,Jones,Darwin,F,60000.0,66250.0
NE,Jones,Jermaine,M,2800000.0,3052500.0
CHI,Jones,Joevin,M,60000.0,66166.67
LA,Juninho,,M,350000.0,350000.0
CHI,Junior,Gilberto,F,1144992.0,1144992.0
VAN,Kah,Pa Modou,D,170000.0,170000.0
ORL,Kaka,,M,6660000.0,7167500.0
CLB,Kamara,Kei,F,400000.0,536666.67
CHI,Kann,Alec,GK,60000.0,60000.0
TOR,Kantari,Ahmed,D,300000.0,345000.0
RSL,Kavita,Phanuel,D,50000.0,50000.0
LA,Keane,Robbie,F,4500000.0,4500000.0
DAL,Keel,Stephen,D,60000.0,60000.0
DC,Kemp,Taylor,D,60000.0,60000.0
KC,Kempin,Jonathan,GK,85000.0,92083.33
DAL,Kennedy,Dan,GK,233000.0,233000.0
DC,Kitchen,Perry,D,172000.0,257450.0
NY,Kljestan,Sacha,M,400000.0,537500.0
CLB,Klute,Chris,D,82500.0,87802.09
NE,Knighton,Brad,GK,82005.0,82005.0
NE,Kobayashi,Daigo,M,135000.0,146666.67
VAN,Koffie,Gershon,M,230000.0,241000.0
TOR,Konopka,Chris,GK,66000.0,66000.0
DC,Korb,Chris,D,99000.0,106479.83
SJ,Koval,JJ,M,60000.0,60000.0
SEA,Kovar,Aaron,M,60000.0,60200.0
MTL,Kronberg,Eric,GK,132000.0,132000.0
POR,Kwarasey,Adam,GK,260000.0,260000.0
VAN,Laba,Matias,M,325000.0,325000.0
COL,LaBrocca,Nick,M,160000.0,180000.0
NY,Lade,Connor,D,60638.0,64891.01
PHI,Lahoud,Michael,M,108900.0,112233.33
ORL,Lameira,Valdomiro,M,50000.0,50000.0
NYCFC,Lampard,Frank,M,6000000.0,6000000.0
CLB,Lampson,Matt,GK,60000.0,60000.0
CHI,Larentowicz,Jeff,D,265000.0,271000.0
ORL,Larin,Cyle,F,125000.0,167000.0
NY,Lawrence,Kemar,D,60000.0,60000.0
PHI,Le Toux,Sebastien,M,275000.0,285228.13
MTL,Lefevre,Wandrille,M,60000.0,60000.0
SJ,Lenhart,Steven,F,150000.0,159083.33
CLB,Lev-Ari,Sagi,F,60000.0,60000.0
VAN,Lewis,Andre,M,60000.0,75000.0
HOU,Lisch,Michael,GK,60000.0,60000.0
LA,Lletget,Sebastian,M,95000.04,100500.04
,Lochhead,Tony,D,134375.0,134375.0
HOU,Lopez,Alexander,M,115500.0,135500.0
KC,Lopez,Mikey,M,100000.0,172000.0
HOU,Lovejoy,Rob,M,50000.0,50000.0
TOR,Lovitz,Daniel,M,60000.0,60000.0
SEA,Lowe,Damion,D,60375.0,71375.0
DAL,Loyd,Zach,M,175000.0,196666.67
SEA,Lyon,Charlie,GK,50000.0,50000.0
CLB,Mabwati,Cedrick,M,201428.52,220178.52
COL,MacMath,Zac,GK,130000.0,130000.0
LA,Maganto,Ignacio,M,60000.0,60000.0
CHI,Magee,Mike,F,400000.0,467500.0
PHI,Maidana,Cristian,F,203500.0,217250.0
MTL,Mallace,Calum,M,60000.0,75000.0
VAN,Manneh,Kekuta,F,82500.0,112000.0
TOR,Mannella,Chris,M,60000.0,60000.0
POR,Manning,Anthony,D,50000.04,50000.04
HOU,Manotas,Mauro,F,60000.0,60000.0
RSL,Mansally,Kenny,F,60000.0,66500.0
SEA,Mansaray,Victor,F,50000.0,53500.0
MTL,Mapp,Justin,M,186725.0,199225.0
PHI,Marquez,Richard,D,60000.0,60000.0
SEA,Marshall,Chad,D,275000.0,291666.67
DC,Martin,Collin,M,70000.0,84166.67
RSL,Martinez,Juan Manuel,F,710000.0,1108666.67
NY,Martins,Felipe,M,175000.0,207500.0
SEA,Martins,Obafemi,F,2400000.0,3000000.0
ORL,Mateos,David,D,300000.0,325000.0
VAN,Mattocks,Darren,F,180000.0,272000.0
RSL,Maund,Aaron,D,60000.0,63449.5
PHI,McCarthy,John,GK,60000.0,66250.0
NY,McCarty,Dax,M,220000.0,262500.0
CLB,McInerney,Jack,F,270000.0,334166.67
VAN,McKendry,Ben,M,50000.0,50000.0
PHI,McLaughlin,James,M,60000.0,60000.0
NY,McLaws,Shawn,D,50000.0,50000.0
NYCFC,McNamara,Thomas,M,60000.0,71500.0
NYCFC,Meara,Ryan,GK,71663.0,72913.0
SEA,Mears,Tyrone,D,165000.0,174000.0
KC,Medranda,Jimmy,M,60000.0,60000.0
POR,Melano,Lucas,F,799992.0,799992.0
KC,Melia,Tim,GK,80000.0,84203.33
NYCFC,Mena,Jefferson,D,200000.0,211400.0
LA,Mendiola,Raul,F,60000.0,60400.0
CLB,Meram,Justin,F,165000.0,175000.0
SJ,Meredith,Bryan,GK,60000.0,60000.0
LA,Meyer,Tommy,D,60000.0,73750.0
VAN,Mezquida,Nicolas,M-F,80000.0,80000.0
NY,Miazga,Matt,D,68250.0,74500.0
MTL,Miller,Eric,M/D,60375.0,71375.0
NY,Miller,Roy,M,200000.0,200000.0
HOU,Miranda,Leonel,M,60000.0,60000.0
DC,Mishu,Luke,D,50000.0,50000.0
POOL,Mitchell,Trey,GK,50000.04,50000.04
ORL,Molino,Kevin,M,100000.0,111400.0
COL,Moor,Drew,D,258500.0,270500.0
TOR,Moore,Luke,F,215000.0,235500.0
RSL,Morales,Javier,M,300000.0,300000.0
VAN,Morales,Pedro,M,1190000.0,1410900.0
TOR,Morgan,Ashtone,D,100000.0,112000.0
TOR,Morrow,Justin,D,170000.0,179562.5
NE,Mulgrew,Timothy,F,50000.04,50000.04
RSL,Mulholland,Luke,M,82500.0,83750.0
NYCFC,Mullins,Patrick,F,80000.0,110000.0
KC,Mustivar,Soni,M,250000.0,250000.0
ORL,Mwanga,Danny,F,75000.0,82500.0
KC,Myers,Chance,D-M,170000.0,195000.0
KC,Nagamura,Paulo,M,230000.0,230000.0
POR,Nagbe,Darlington,M/F,244000.0,263000.0
POR,Nanchoff,Michael,M,60000.0,60000.0
SEA,Neagle,Lamar,M,165000.0,167833.33
ORL,Neal,Lewis,M,112500.0,119103.28
KC,Nemeth,Krisztian,F,250000.0,250000.0
NE,Neumann,Steve,M-F,71500.0,92750.0
NE,Nguyen,Lee,M/F,175000.0,193750.0
PHI,Nogueira,Vincent,M,330000.0,330000.0
CHI,Nyarko,Patrick,F,200000.0,215750.0
SJ,Nyassi,Sanna,M,120000.0,126250.0
NY,Obekop,Marius,M,50000.0,50000.0
SEA,Ockford,Jimmy,D,60000.0,60000.0
MTL,Oduro,Dominic,F,250000.0,251666.67
NE,Okoli,Sean,F,50000.0,50000.0
KC,Okugo,Amobi,M,275000.0,300000.0
RSL,Okwuonu,Boyd,D,60000.0,80000.0
HOU,Olabiyi,Rasheed,M,60000.0,60000.0
RSL,Olave,Jamison,D,290000.0,300000.0
KC,Opara,Ike,D,115000.0,121250.0
DC,Opare,Kofi,D,60000.0,60000.0
TOR,Osorio,Jonathan,M,145000.0,152599.68
NY,Ouimette,Karl,D,60000.0,60000.0
VAN,Ousted,David,GK,286000.0,302570.0
RSL,Ovalle,Adolfo,M,60000.0,70500.0
CHI,Palmer,Lovel,M,118000.0,125500.0
KC,Palmer-Brown,Erik,D,60000.0,60500.0
POR,Paparatto,Norberto,D,120000.0,120000.0
SEA,Pappa,Marco,M,75000.0,75000.0
VAN,Parker,Tim,D,60000.0,78750.0
CLB,Parkhurst,Michael,D,275000.0,300000.0
POR,Peay,Taylor,D,50000.0,50000.0
RSL,Pecka,,M,60000.0,64166.67
SJ,Pelosi,Marc,M,60000.0,72500.0
POR,Pereira,Jeanderson,D,60000.0,60000.0
DAL,Pereira,Michel,M/D,140000.0,161500.0
DAL,Perez,Blas,F,350000.0,374250.0
SJ,Perez,Matias,M,240000.0,240000.0
LA,Perk,Brian,GK,60000.0,60000.0
SEA,Perkins,Troy,GK,130000.0,136662.5
TOR,Perquis,Damien,D,323000.0,372500.0
NY,Perrinelle,Damien,D,132000.0,132000.0
KC,Peterson,Jacob,F,123500.0,130375.0
PHI,Pfeffer,Zach,M,60000.0,60000.0
RSL,Phillips,Demar,D,140000.0,149666.67
MTL,Piatti,Ignacio,M,400000.0,400000.0
SJ,Pierazzi,Jean Baptiste,M,260000.0,260000.0
SEA,Pineda,Gonzalo,M,160000.0,160000.0
NYCFC,Pirlo,Andrea,M,2000004.0,2315694.0
COL,Pittinari,Lucas,M,190000.0,210000.0
RSL,Plata,Joao,F,150000.0,150000.0
CLB,Pogatetz,Emanuel,D,250000.0,262500.0
NYCFC,Poku,Kwadwo,M,60000.0,63045.09
CHI,Polster,Matt,D,60000.0,75000.0
DC,Pontius,Chris,M-F,365000.0,396000.0
MTL,Porter,Cameron,F,50000.0,50000.0
POR,Powell,Alvas,D,60000.0,68700.0
COL,Powers,Dillon,M,245000.0,275000.0
KC,Quintilla,Jordi,M,50000.04,59525.04
COL,Ramirez,Juan Edgardo,M,75000.0,75000.0
ORL,Ramos,Rafael,D,50000.0,50000.0
ORL,Redding,Tommy,D,85000.0,92500.0
SEA,Remick,Dylan,D,60000.0,60000.0
SJ,Renato,Paulo,D,96000.0,96000.0
MTL,Reo-Coker,Nigel,D-M,275000.0,275000.0
NY,Reynish,Kyle,GK,86000.0,90316.67
ORL,Ribeiro,Pedro,M,60000.0,60000.0
LA,Ribeiro Da Silva,Leonardo,D,150000.0,155000.0
NY,Richards,Dane,M,105000.0,105000.0
LA,Ricketts,Donovan,GK,260000.0,260000.0
POR,Ridgewell,Liam,D,1000000.0,1150000.0
COL,Riley,James,D,77500.0,83750.0
RSL,Rimando,Nick,GK,350000.0,370000.0
CHI,Ritter,Chris,M,60000.0,60000.0
ORL,Rivas,Carlos,M,60000.0,60000.0
ORL,Rivera,Sidney,F,50000.0,50000.0
VAN,Rivero,Octavio,F,890850.0,890850.0
TOR,Roberts,Quillan,GK,60000.0,60000.0
DC,Robinson,Jalen,D,70000.0,82000.0
NY,Robles,Luis,GK,130000.0,151375.0
ORL,Rochez,Bryan,F,200000.0,279500.0
VAN,Rodriguez,Diego,D,124000.0,165750.0
HOU,Rodriguez,"Jose ""Memo""",M,60000.0,60000.0
HOU,Rodriguez,Raul,D,325000.0,354333.33
LA,Rogers,Robbie,F,175000.0,191666.67
SEA,Roldan,Cristian,M,80000.0,102000.0
DC,Rolfe,Chris,F,210000.0,225000.0
MTL,Romero,Andres,F,100000.0,100000.0
LA,Romney,David,D,60000.0,60000.0
VAN,Rosales,Mauro,M,215000.0,265000.0
SEA,Rose,Andy,M,60000.0,60000.0
LA,Rowe,Brian,GK,60000.0,60000.0
NE,Rowe,Kelyn,M,140000.0,221000.0
NE,Rudy,Tyler,M,50000.0,50000.0
LA,Rugg,Charlie,F,60000.0,60000.0
DC,Saborio,Alvaro,F,400000.0,493333.33
CLB,Saeid,Mohammed,M,100000.0,110000.0
SJ,Salinas,Shea,M,145000.0,148333.33
NY,Sam,Lloyd,F,230000.0,240000.0
VAN,Sampson,Ethen,D,60000.0,60000.0
NY,Sanchez,Emmanuel,M,50000.0,50000.0
COL,Sanchez,Vicente,F,210000.0,286666.67
RSL,Sandoval,Devon,F,60000.0,60000.0
PHI,Sapong,CJ,F,125000.0,142000.0
HOU,Sarkodie,Kofi,D,190000.0,235500.0
COL,Sarvas,Marcelo,M,360000.0,425000.0
RSL,Saucedo,Sebastian,M,50000.0,60500.0
NYCFC,Saunders,Josh,GK,90000.0,90000.0
CLB,Sauro,Gaston,D,583200.0,599512.5
CLB,Schoenfeld,Aaron,F,60000.0,60000.0
RSL,Schuler,Chris,D,165000.0,182000.0
SEA,Scott,Zach,D,65000.0,65000.0
POR,Seaton,Michael,F,60000.0,63000.0
DAL,Seitz,Chris,GK,130000.0,130000.0
COL,Serna,Dillon,M,60000.0,73000.0
ORL,Shea,Brek,M-D,475000.0,520000.0
NYCFC,Shelton,Khiry,F,70000.0,87500.0
SJ,Sherrod,Mark,F,60000.0,60000.0
CHI,Shipp,Harrison,F,87500.0,112500.0
NE,Shuttleworth,Robert,GK,101250.0,111250.0
RSL,Silva,Luis,M,131384.0,162634.0
SJ,Silva,Matheus,,50000.04,50000.04
TOR,Simonin,Clement,D,60000.0,60000.0
KC,Sinovic,Seth,M-D,140000.0,146750.0
COL,Sjoberg,Axel,D,60000.0,75000.0
NE,Smith,Donnie,M,60000.0,60000.0
VAN,Smith,Jordan,D,95000.04,102743.04
COL,Solignac,Luis,F,65004.0,65004.0
LA,Sorto,Oscar,D,60000.0,61875.0
DAL,Soumare,Bakary,D,225000.0,225000.0
NE,Spangenberg,Trevor,GK,50000.0,50000.0
CLB,Speas,Ben,F,68355.0,68355.0
COL,St. Ledger,Sean,D,124992.0,147492.0
HOU,Steinberger,Zach,M,60000.0,76250.0
CLB,Steindorsson,Kristinn,M,105000.0,119437.5
CHI,Stephens,Michael,M,95000.0,105000.0
SJ,Stephenson,Khari,M,68254.2,71645.94
RSL,Stertzer,John,M,60000.0,69166.67
SJ,Stewart,Jordan,M-D,150000.0,150000.0
NY,Stolz,Leo,M,70000.0,86250.0
HOU,Sturgis,Nathan,D-M,71250.0,75375.0
CLB,Stuver,Brad,GK,60000.0,60000.0
CLB,Swanson,Ben,M,60000.0,80416.67
PHI,Sylvestre,Brian,GK,60000.0,60000.0
NYCFC,Tasende,Jose Angel,D,60000.0,60000.0
HOU,Taylor,Jermaine,D,203500.0,213000.0
NYCFC,Taylor,Tony,F,75000.0,84375.0
CLB,Tchani,Tony,M,170000.0,195000.0
VAN,Techera,Cristian,F,60000.0,85000.0
VAN,Teibert,Russell,M,100000.0,167500.0
DAL,Texeira,David,F,338000.0,338000.0
POR,Thoma,Andy,D-M,60000.0,75000.0
SJ,Thompson,Tommy,M,140000.0,145000.0
NE,Tierney,Chris,D-M,110000.0,113333.33
MTL,Tissot,Maxim,D,60000.0,60000.0
MTL,Toia,Donny,D,60000.0,60000.0
VAN,Tornaghi,Paolo,GK,80000.0,80000.0
HOU,Torres,Erick,F,350000.0,425000.0
COL,Torres,Gabriel,F,262000.0,274500.0
SEA,Torres,Roman,D,438000.0,513812.5
CLB,Trapp,Wil,M,137500.0,164500.0
,Tshuma,Schillo,F,85000.0,123000.0
ORL,Turner,Tyler,D,60000.0,60000.0
DAL,Ulloa,Victor,M,60000.0,60000.0
POR,Urruti,Maximiliano,F,200000.04,200000.04
SEA,Valdez,Nelson,F,960000.0,1215000.0
POR,Valeri,Diego,M,550000.0,550000.0
RSL,Vasquez,Elias,D,110000.0,122136.67
LA,Vayrynen,Mika,M,204996.0,227496.0
NYCFC,Velasquez,Sebastian,M,60000.0,60000.0
MTL,Venegas,Johan,M,120000.0,132500.0
NY,Veron,Gonzalo,M-F,200004.0,200004.0
NYCFC,Villa,David,F,5610000.0,5610000.0
POR,Villafana,Jorge,F,130000.0,135000.0
LA,Villarreal,Jose,M,60000.0,61875.0
PHI,Vitoria,Steven,D,400000.0,400000.0
CLB,Wahl,Tyson,D,95000.0,99666.67
LA,Walker,Kenney,M,60000.0,60000.0
NY,Wallace,Anthony,M-D,60000.0,60000.0
POR,Wallace,Rodney,M-D,165000.0,190000.0
TOR,Warner,Collen,M-F,129937.0,157437.0
VAN,Waston,Kendall,D,225000.0,226250.0
DAL,Watson,Jevaughn,M-D,160000.0,180000.0
CHI,Watson,Matt,M,80620.0,91689.16
NYCFC,Watson-Siriboe,Kwame,D,65000.0,81666.67
COL,Watts,Jared,M,60000.0,60000.0
POR,Weber,Andrew,GK,60000.0,60000.0
PHI,Wenger,Andrew,D/F,180000.0,282000.0
PHI,White,Ethan,D,125000.0,125000.0
TOR,Williams,Josh,D,125000.0,125000.0
MTL,Williams,Romario,F,65000.0,87000.0
HOU,Williams,Sheanon,F,145000.0,150500.0
HOU,Willis,Joe,GK,90000.0,90000.0
NYCFC,Wingert,Chris,D,215000.0,215000.0
ORL,Winter,Adrian,M,180000.0,198333.33
LA,Wolverton,Andrew,GK,50000.04,50000.04
SJ,Wondolowski,Chris,M,625000.0,675000.0
NE,Woodberry,London,D,60000.0,60000.0
DC,Worra,Travis,GK,50000.0,50000.0
NY,Wright-Phillips,Bradley,F,600000.0,660000.0
NY,Wright-Phillips,Shaun,M,116004.0,145704.0
SJ,Wynne,Marvell,D,190000.0,200625.0
LA,Zardes,Gyasi,F,150000.0,223000.0
TOR,Zavaleta,Eriq,F,85000.0,115600.0
POR,Zemanski,Ben,M,81033.0,83533.0
DAL,Zendejas,Alejandro,F,60000.0,76666.67
DAL,Zimmerman,Walker,D,100000.0,180100.0
NY,Zizzo,Sal,F,80850.0,94895.71
NY,Zubar,Ronald,D,240000.0,320000.0
KC,Zusi,Graham,F-M,650000.0,682102.27
